ds,trend,yhat_lower,yhat_upper,trend_lower,trend_upper,additive_terms,additive_terms_lower,additive_terms_upper,daily,daily_lower,daily_upper,weekly,weekly_lower,weekly_upper,yearly,yearly_lower,yearly_upper,multiplicative_terms,multiplicative_terms_lower,multiplicative_terms_upper,yhat
2025-01-01 00:00:00,68.07778186933443,40.28319361109808,78.49449190358361,68.07778186933443,68.07778186933443,-7.469074239483528,-7.469074239483528,-7.469074239483528,-10.032539424024616,-10.032539424024616,-10.032539424024616,1.6686233198244995,1.6686233198244995,1.6686233198244995,0.8948418647165871,0.8948418647165871,0.8948418647165871,0.0,0.0,0.0,60.608707629850905
2025-01-01 01:00:00,68.07753557074655,40.228612538761666,79.85067395303297,68.07753557074655,68.07753557074655,-7.0861684313145705,-7.0861684313145705,-7.0861684313145705,-9.607045411943036,-9.607045411943036,-9.607045411943036,1.6162342584020697,1.6162342584020697,1.6162342584020697,0.9046427222263959,0.9046427222263959,0.9046427222263959,0.0,0.0,0.0,60.99136713943198
2025-01-01 02:00:00,68.07728927215865,40.81440063229737,79.82309438091615,68.07728927215865,68.07728927215865,-8.055058490200821,-8.055058490200821,-8.055058490200821,-10.539968083030672,-10.539968083030672,-10.539968083030672,1.5704691614531578,1.5704691614531578,1.5704691614531578,0.9144404313766961,0.9144404313766961,0.9144404313766961,0.0,0.0,0.0,60.02223078195783
2025-01-01 03:00:00,68.07704297357077,40.41176754863906,80.07326105291688,68.07704297357077,68.07704297357077,-8.99512821748192,-8.99512821748192,-8.99512821748192,-11.45104115181171,-11.45104115181171,-11.45104115181171,1.5316778516956004,1.5316778516956004,1.5316778516956004,0.9242350826341906,0.9242350826341906,0.9242350826341906,0.0,0.0,0.0,59.08191475608885
2025-01-01 04:00:00,68.07679667498286,40.52585710617933,79.31030949653793,68.07679667498286,68.07679667498286,-8.075089798684967,-8.075089798684967,-8.075089798684967,-10.509261372958564,-10.509261372958564,-10.509261372958564,1.5001448077938022,1.5001448077938022,1.5001448077938022,0.9340267664797934,0.9340267664797934,0.9340267664797934,0.0,0.0,0.0,60.00170687629789
2025-01-01 05:00:00,68.07655037639498,44.11087845202327,84.38560240964114,68.07655037639498,68.07655037639498,-4.5541881079546425,-4.5541881079546425,-4.5541881079546425,-6.974092963365426,-6.974092963365426,-6.974092963365426,1.4760892819961353,1.4760892819961353,1.4760892819961353,0.9438155734146496,0.9438155734146496,0.9438155734146496,0.0,0.0,0.0,63.52236226844033
2025-01-01 06:00:00,68.07630407780708,49.12968720446392,88.4072802372973,68.07630407780708,68.07630407780708,0.6586238782619535,0.6586238782619535,0.6586238782619535,-1.7546435641910731,-1.7546435641910731,-1.7546435641910731,1.4596658485046583,1.4596658485046583,1.4596658485046583,0.9536015939483682,0.9536015939483682,0.9536015939483682,0.0,0.0,0.0,68.73492795606903
2025-01-01 07:00:00,68.0760577792192,54.50885170503011,93.5388548605109,68.0760577792192,68.0760577792192,5.838166507421528,5.838166507421528,5.838166507421528,3.4238162348890797,3.4238162348890797,3.4238162348890797,1.4509653539327942,1.4509653539327942,1.4509653539327942,0.9633849185996535,0.9633849185996535,0.9633849185996535,0.0,0.0,0.0,73.91422428664073
2025-01-01 08:00:00,68.0758114806313,58.92266539767736,97.7545193596557,68.0758114806313,68.0758114806313,9.805689675352589,9.805689675352589,9.805689675352589,7.382507798643459,7.382507798643459,7.382507798643459,1.4500162388188766,1.4500162388188766,1.4500162388188766,0.9731656378902546,0.9731656378902546,0.9731656378902546,0.0,0.0,0.0,77.8815011559839
2025-01-01 09:00:00,68.07556518204342,62.63117125721627,100.82127048967807,68.07556518204342,68.07556518204342,12.562432303258342,12.562432303258342,12.562432303258342,10.122702263634281,10.122702263634281,10.122702263634281,1.4567861972766962,1.4567861972766962,1.4567861972766962,0.9829438423473659,0.9829438423473659,0.9829438423473659,0.0,0.0,0.0,80.63799748530177
2025-01-01 10:00:00,68.07531888345552,63.72694913102717,103.08229833506921,68.07531888345552,68.07531888345552,14.743703953476285,14.743703953476285,14.743703953476285,12.279800190549182,12.279800190549182,12.279800190549182,1.4711841404366222,1.4711841404366222,1.4711841404366222,0.9927196224904818,0.9927196224904818,0.9927196224904818,0.0,0.0,0.0,82.81902283693181
2025-01-01 11:00:00,68.07507258486764,65.15061994970223,103.631148288913,68.07507258486764,68.07507258486764,16.6070278900703,16.6070278900703,16.6070278900703,14.111472392808372,14.111472392808372,14.111472392808372,1.4930624284288445,1.4930624284288445,1.4930624284288445,1.0024930688330804,1.0024930688330804,1.0024930688330804,0.0,0.0,0.0,84.68210047493794
2025-01-01 12:00:00,68.07482628627974,64.95587593972023,105.82855439180052,68.07482628627974,68.07482628627974,17.6385591675695,17.6385591675695,17.6385591675695,15.104075560360107,15.104075560360107,15.104075560360107,1.5222193353297213,1.5222193353297213,1.5222193353297213,1.0122642718796742,1.0122642718796742,1.0122642718796742,0.0,0.0,0.0,85.71338545384924
2025-01-01 13:00:00,68.07457998769186,65.39019466342259,105.89875511843782,68.07457998769186,68.07457998769186,17.126634029423137,17.126634029423137,17.126634029423137,14.546198995810592,14.546198995810592,14.546198995810592,1.5584017114929953,1.5584017114929953,1.5584017114929953,1.0220333221195488,1.0220333221195488,1.0220333221195488,0.0,0.0,0.0,85.201214017115
2025-01-01 14:00:00,68.07433368910397,63.51952889241451,103.92843585690203,68.07433368910397,68.07433368910397,15.01173813516866,15.01173813516866,15.01173813516866,12.378630016736574,12.378630016736574,12.378630016736574,1.6013078084087724,1.6013078084087724,1.6013078084087724,1.0318003100233122,1.0318003100233122,1.0318003100233122,0.0,0.0,0.0,83.08607182427262
2025-01-01 15:00:00,68.07408739051608,59.87622217545288,100.64103198205008,68.07408739051608,68.07408739051608,12.054351809308946,12.054351809308946,12.054351809308946,9.36219625111408,9.36219625111408,9.36219625111408,1.6505902321525014,1.6505902321525014,1.6505902321525014,1.0415653260423656,1.0415653260423656,1.0415653260423656,0.0,0.0,0.0,80.12843919982502
2025-01-01 16:00:00,68.07384109192819,57.36985432679275,99.02599068479294,68.07384109192819,68.07384109192819,9.12012107582902,9.12012107582902,9.12012107582902,6.362933622299798,6.362933622299798,6.362933622299798,1.7058589929288153,1.7058589929288153,1.7058589929288153,1.0513284606004065,1.0513284606004065,1.0513284606004065,0.0,0.0,0.0,77.1939621677572
2025-01-01 17:00:00,68.0735947933403,54.63870981016845,93.5905772756344,68.0735947933403,68.0735947933403,6.353728843347294,6.353728843347294,6.353728843347294,3.5259544191109176,3.5259544191109176,3.5259544191109176,1.7666846201447506,1.7666846201447506,1.7666846201447506,1.0610898040916246,1.0610898040916246,1.0610898040916246,0.0,0.0,0.0,74.4273236366876
2025-01-01 18:00:00,68.07334849475241,52.75205010974599,91.17404449107521,68.07334849475241,68.07334849475241,3.1664181297366283,3.1664181297366283,3.1664181297366283,0.262967368322135,0.262967368322135,0.262967368322135,1.8326013145327524,1.8326013145327524,1.8326013145327524,1.0708494468817413,1.0708494468817413,1.0708494468817413,0.0,0.0,0.0,71.23976662448904
2025-01-01 19:00:00,68.07310219616453,47.979224950490355,86.25994597359686,68.07310219616453,68.07310219616453,-0.8859387399743283,-0.8859387399743283,-0.8859387399743283,-3.8696563305264013,-3.8696563305264013,-3.8696563305264013,1.9031101112566595,1.9031101112566595,1.9031101112566595,1.0806074792954146,1.0806074792954146,1.0806074792954146,0.0,0.0,0.0,67.1871634561902
2025-01-01 20:00:00,68.07285589757662,43.29558747748807,82.47885888415792,68.07285589757662,68.07285589757662,-5.23967016183045,-5.23967016183045,-5.23967016183045,-8.307716184279563,-8.307716184279563,-8.307716184279563,1.9776820308311243,1.9776820308311243,1.9776820308311243,1.0903639916179881,1.0903639916179881,1.0903639916179881,0.0,0.0,0.0,62.83318573574617
2025-01-01 21:00:00,68.07260959898873,40.01022519896005,78.62527604459171,68.07260959898873,68.07260959898873,-8.457837031698027,-8.457837031698027,-8.457837031698027,-11.613717303234047,-11.613717303234047,-11.613717303234047,2.055761197442939,2.055761197442939,2.055761197442939,1.1001190740930815,1.1001190740930815,1.1001190740930815,0.0,0.0,0.0,59.61477256729071
2025-01-01 22:00:00,68.07236330040084,38.19039644645153,77.27450754264954,68.07236330040084,68.07236330040084,-9.38014520386722,-9.38014520386722,-9.38014520386722,-12.626785928073652,-12.626785928073652,-12.626785928073652,2.1367679072917776,2.1367679072917776,2.1367679072917776,1.1098728169146546,1.1098728169146546,1.1098728169146546,0.0,0.0,0.0,58.692218096533615
2025-01-01 23:00:00,68.07211700181296,40.17626443433015,79.603061367867,68.07211700181296,68.07211700181296,-8.237060453354681,-8.237060453354681,-8.237060453354681,-11.5767873965093,-11.5767873965093,-11.5767873965093,2.2201016329293415,2.2201016329293415,2.2201016329293415,1.1196253102252751,1.1196253102252751,1.1196253102252751,0.0,0.0,0.0,59.835056548458276
2025-01-02 00:00:00,68.07187070322506,41.728114380303786,80.61420620878414,68.07187070322506,68.07187070322506,-6.598018827386768,-6.598018827386768,-6.598018827386768,-10.032539424070594,-10.032539424070594,-10.032539424070594,2.3051439525696993,2.3051439525696993,2.3051439525696993,1.1293766441141273,1.1293766441141273,1.1293766441141273,0.0,0.0,0.0,61.47385187583829
2025-01-02 01:00:00,68.07162440463718,44.19800405567867,82.31880775735276,68.07162440463718,68.07162440463718,-6.076657106838109,-6.076657106838109,-6.076657106838109,-9.607045411954939,-9.607045411954939,-9.607045411954939,2.3912613965061276,2.3912613965061276,2.3912613965061276,1.1391269086107034,1.1391269086107034,1.1391269086107034,0.0,0.0,0.0,61.994967297799064
2025-01-02 02:00:00,68.07137810604928,41.79414841470208,82.45318184465404,68.07137810604928,68.07137810604928,-6.9132836832231845,-6.9132836832231845,-6.9132836832231845,-10.539968082981888,-10.539968082981888,-10.539968082981888,2.4778082060786626,2.4778082060786626,2.4778082060786626,1.148876193680043,1.148876193680043,1.148876193680043,0.0,0.0,0.0,61.158094422826096
2025-01-02 03:00:00,68.0711318074614,40.968009261445175,80.9537121122841,68.0711318074614,68.0711318074614,-7.728287559092006,-7.728287559092006,-7.728287559092006,-11.45104115180224,-11.45104115180224,-11.45104115180224,2.5641290034826905,2.5641290034826905,2.5641290034826905,1.15862458922754,1.15862458922754,1.15862458922754,0.0,0.0,0.0,60.34284424836939
2025-01-02 04:00:00,68.0708855088735,40.13617929569563,80.51319757598823,68.0708855088735,68.0708855088735,-6.691327814538875,-6.691327814538875,-6.691327814538875,-10.509261372931183,-10.509261372931183,-10.509261372931183,2.649561373310118,2.649561373310118,2.649561373310118,1.1683721850821895,1.1683721850821895,1.1683721850821895,0.0,0.0,0.0,61.37955769433463
2025-01-02 05:00:00,68.07063921028562,45.44794595653622,85.16626317970403,68.07063921028562,68.07063921028562,-3.0625355326604855,-3.0625355326604855,-3.0625355326604855,-6.9740929635472755,-6.9740929635472755,-6.9740929635472755,2.733438359884757,2.733438359884757,2.733438359884757,1.1781190710020328,1.1781190710020328,1.1781190710020328,0.0,0.0,0.0,65.00810367762513
2025-01-02 06:00:00,68.07039291169772,49.91636277388122,89.26696436160431,68.07039291169772,68.07039291169772,2.2483126584947106,2.2483126584947106,2.2483126584947106,-1.7546435644057723,-1.7546435644057723,-1.7546435644057723,2.8150908862315895,2.8150908862315895,2.8150908862315895,1.187865336668893,1.187865336668893,1.187865336668893,0.0,0.0,0.0,70.31870557019244
2025-01-02 07:00:00,68.07014661310984,55.917184096571624,94.67006140505866,68.07014661310984,68.07014661310984,7.515277409183157,7.515277409183157,7.515277409183157,3.423816234706306,3.423816234706306,3.423816234706306,2.8938501027944477,2.8938501027944477,2.8938501027944477,1.1976110716824027,1.1976110716824027,1.1976110716824027,0.0,0.0,0.0,75.585424022293
2025-01-02 08:00:00,68.06990031452195,60.209763949998354,97.85563088461963,68.06990031452195,68.06990031452195,11.558913840109067,11.558913840109067,11.558913840109067,7.3825077986678735,7.3825077986678735,7.3825077986678735,2.9690496758836136,2.9690496758836136,2.9690496758836136,1.2073563655575785,1.2073563655575785,1.2073563655575785,0.0,0.0,0.0,79.62881415463102
2025-01-02 09:00:00,68.06965401593406,62.43137927462461,103.1327042901127,68.06965401593406,68.06965401593406,14.379831598215091,14.379831598215091,14.379831598215091,10.12270226354247,10.12270226354247,10.12270226354247,3.0400280269485713,3.0400280269485713,3.0400280269485713,1.2171013077240505,1.2171013077240505,1.2171013077240505,0.0,0.0,0.0,82.44948561414915
2025-01-02 10:00:00,68.06940771734617,66.1474216686204,103.54221551634485,68.06940771734617,68.06940771734617,16.612776713016117,16.612776713016117,16.612776713016117,12.279800190470052,12.279800190470052,12.279800190470052,3.106130535029423,3.106130535029423,3.106130535029423,1.2268459875166442,1.2268459875166442,1.2268459875166442,0.0,0.0,0.0,84.68218443036228
2025-01-02 11:00:00,68.06916141875828,67.97376009642032,106.20013669054109,68.06916141875828,68.06916141875828,18.5147746020502,18.5147746020502,18.5147746020502,14.111472392814145,14.111472392814145,14.111472392814145,3.166711715060727,3.166711715060727,3.166711715060727,1.236590494175325,1.236590494175325,1.236590494175325,0.0,0.0,0.0,86.58393602080848
2025-01-02 12:00:00,68.06891512017039,68.06360542753532,105.6123246880096,68.06891512017039,68.06891512017039,19.57154786249195,19.57154786249195,19.57154786249195,15.10407556035538,15.10407556035538,15.10407556035538,3.2211373852933454,3.2211373852933454,3.2211373852933454,1.2463349168432227,1.2463349168432227,1.2463349168432227,0.0,0.0,0.0,87.64046298266234
2025-01-02 13:00:00,68.06866882158249,68.24974459216205,105.12464992588134,68.06866882158249,68.06866882158249,19.071065177015445,19.071065177015445,19.071065177015445,14.546198995866714,14.546198995866714,14.546198995866714,3.2687868365898907,3.2687868365898907,3.2687868365898907,1.25607934455884,1.25607934455884,1.25607934455884,0.0,0.0,0.0,87.13973399859793
2025-01-02 14:00:00,68.0684225229946,66.03303724602871,105.44142365042076,68.0684225229946,68.0684225229946,16.9535088989193,16.9535088989193,16.9535088989193,12.378630016709248,12.378630016709248,12.378630016709248,3.309055015957028,3.309055015957028,3.309055015957028,1.2658238662530223,1.2658238662530223,1.2658238662530223,0.0,0.0,0.0,85.02193142191389
2025-01-02 15:00:00,68.06817622440671,61.69040224417094,102.39679155276244,68.06817622440671,68.06817622440671,13.979119557386884,13.979119557386884,13.979119557386884,9.36219625100419,9.36219625100419,9.36219625100419,3.341354735631653,3.341354735631653,3.341354735631653,1.2755685707510438,1.2755685707510438,1.2755685707510438,0.0,0.0,0.0,82.0472957817936
2025-01-02 16:00:00,68.06792992581883,58.595522258394965,97.9976716343899,68.06792992581883,68.06792992581883,11.013366086763495,11.013366086763495,11.013366086763495,6.3629336222625055,6.3629336222625055,6.3629336222625055,3.365118917740023,3.365118917740023,3.365118917740023,1.2853135467609698,1.2853135467609698,1.2853135467609698,0.0,0.0,0.0,79.08129601258233
2025-01-02 17:00:00,68.06768362723093,56.733057293755074,95.16313764335284,68.06768362723093,68.06768362723093,8.20081618485472,8.20081618485472,8.20081618485472,3.525954419057006,3.525954419057006,3.525954419057006,3.379802882925136,3.379802882925136,3.379802882925136,1.295058882872576,1.295058882872576,1.295058882872576,0.0,0.0,0.0,76.26849981208565
2025-01-02 18:00:00,68.06743732864304,53.54692158294872,92.56042091332768,68.06743732864304,68.06743732864304,4.952658724984389,4.952658724984389,4.952658724984389,0.262967368243523,0.262967368243523,0.262967368243523,3.3848866891784875,3.3848866891784875,3.3848866891784875,1.3048046675623783,1.3048046675623783,1.3048046675623783,0.0,0.0,0.0,73.02009605362743
2025-01-02 19:00:00,68.06719103005516,49.11103732679469,89.1735691080236,68.06719103005516,68.06719103005516,0.8247721835469046,0.8247721835469046,0.8247721835469046,-3.869656330619534,-3.869656330619534,-3.869656330619534,3.3798775249935673,3.3798775249935673,3.3798775249935673,1.314550989172871,1.314550989172871,1.314550989172871,0.0,0.0,0.0,68.89196321360205
2025-01-02 20:00:00,68.06694473146726,44.43028940409551,84.14234804231894,68.06694473146726,68.06694473146726,-3.6191060900746748,-3.6191060900746748,-3.6191060900746748,-8.30771618431833,-8.30771618431833,-8.30771618431833,3.3643121583218547,3.3643121583218547,3.3643121583218547,1.324297935921802,1.324297935921802,1.324297935921802,0.0,0.0,0.0,64.44783864139258
2025-01-02 21:00:00,68.06669843287938,39.852306155210336,80.12581952831307,68.06669843287938,68.06669843287938,-6.9419122672775755,-6.9419122672775755,-6.9419122672775755,-11.613717303265295,-11.613717303265295,-11.613717303265295,3.3377594400870585,3.3377594400870585,3.3377594400870585,1.3340455959006636,1.3340455959006636,1.3340455959006636,0.0,0.0,0.0,61.124786165601805
2025-01-02 22:00:00,68.06645213429148,40.21697446855702,78.58597591181174,68.06645213429148,68.06645213429148,-7.9831690129208885,-7.9831690129208885,-7.9831690129208885,-12.626785928124475,-12.626785928124475,-12.626785928124475,3.2998228581442546,3.2998228581442546,3.2998228581442546,1.3437940570593312,1.3437940570593312,1.3437940570593312,0.0,0.0,0.0,60.08328312137059
2025-01-02 23:00:00,68.0662058357036,40.69241116341532,80.4782180377264,68.0662058357036,68.0662058357036,-6.973100854767462,-6.973100854767462,-6.973100854767462,-11.576787396463121,-11.576787396463121,-11.576787396463121,3.250143134485224,3.250143134485224,3.250143134485224,1.353543407210437,1.353543407210437,1.353543407210437,0.0,0.0,0.0,61.09310498093614
2025-01-03 00:00:00,68.06595953711572,42.763526447906806,81.89227239972051,68.06595953711572,68.06595953711572,-5.480844834570489,-5.480844834570489,-5.480844834570489,-10.032539424041603,-10.032539424041603,-10.032539424041603,3.1884008554446766,3.1884008554446766,3.1884008554446766,1.3632937340264384,1.3632937340264384,1.3632937340264384,0.0,0.0,0.0,62.585114702545226
2025-01-03 01:00:00,68.06571323852782,43.944891540585246,81.92260201672285,68.06571323852782,68.06571323852782,-5.119681165305082,-5.119681165305082,-5.119681165305082,-9.60704541196684,-9.60704541196684,-9.60704541196684,3.1143191216295913,3.1143191216295913,3.1143191216295913,1.373045125032169,1.373045125032169,1.373045125032169,0.0,0.0,0.0,62.94603207322274
2025-01-03 02:00:00,68.06546693993992,41.320508731431836,81.75068455526392,68.06546693993992,68.06546693993992,-6.129504214310836,-6.129504214310836,-6.129504214310836,-10.539968083020351,-10.539968083020351,-10.539968083020351,3.0276662011072357,3.0276662011072357,3.0276662011072357,1.3827976676022808,1.3827976676022808,1.3827976676022808,0.0,0.0,0.0,61.93596272562909
2025-01-03 03:00:00,68.06522064135204,40.54324412745778,79.91938836193292,68.06522064135204,68.06522064135204,-7.130231536253691,-7.130231536253691,-7.130231536253691,-11.451041151747397,-11.451041151747397,-11.451041151747397,2.928258166532742,2.928258166532742,2.928258166532742,1.3925514489609614,1.3925514489609614,1.3925514489609614,0.0,0.0,0.0,60.93498910509835
2025-01-03 04:00:00,68.06497434276416,41.92957623821348,81.67994528347091,68.06497434276416,68.06497434276416,-6.290993322529266,-6.290993322529266,-6.290993322529266,-10.5092613729038,-10.5092613729038,-10.5092613729038,2.8159614942007454,2.8159614942007454,2.8159614942007454,1.4023065561737909,1.4023065561737909,1.4023065561737909,0.0,0.0,0.0,61.77398102023489
2025-01-03 05:00:00,68.06472804417626,43.68713627195954,84.62483156804855,68.06472804417626,68.06472804417626,-2.871334287193676,-2.871334287193676,-2.871334287193676,-6.974092963465171,-6.974092963465171,-6.974092963465171,2.690695600126225,2.690695600126225,2.690695600126225,1.4120630761452717,1.4120630761452717,1.4120630761452717,0.0,0.0,0.0,65.19339375698259
2025-01-03 06:00:00,68.06448174558835,51.192390306332,89.31789723165113,68.06448174558835,68.06448174558835,2.219612817497376,2.219612817497376,2.219612817497376,-1.7546435642977538,-1.7546435642977538,-1.7546435642977538,2.5524352861736697,2.5524352861736697,2.5524352861736697,1.42182109562146,1.42182109562146,1.42182109562146,0.0,0.0,0.0,70.28409456308573
2025-01-03 07:00:00,68.06423544700047,54.58438639416367,94.0200152650698,68.06423544700047,68.06423544700047,7.256610003212777,7.256610003212777,7.256610003212777,3.4238162348025347,3.4238162348025347,3.4238162348025347,2.4012130672341816,2.4012130672341816,2.4012130672341816,1.4315807011760608,1.4315807011760608,1.4315807011760608,0.0,0.0,0.0,75.32084545021324
2025-01-03 08:00:00,68.06398914841259,60.102215258233784,99.75983432488093,68.06398914841259,68.06398914841259,11.06097112620888,11.06097112620888,11.06097112620888,7.382507798540116,7.382507798540116,7.382507798540116,2.2371213484551102,2.2371213484551102,2.2371213484551102,1.4413419792136544,1.4413419792136544,1.4413419792136544,0.0,0.0,0.0,79.12496027462147
2025-01-03 09:00:00,68.06374284982469,62.00924399051496,101.59621143816693,68.06374284982469,68.06374284982469,13.634121700030692,13.634121700030692,13.634121700030692,10.122702263575096,10.122702263575096,10.122702263575096,2.0603144204893895,2.0603144204893895,2.0603144204893895,1.4511050159662056,1.4511050159662056,1.4511050159662056,0.0,0.0,0.0,81.69786454985538
2025-01-03 10:00:00,68.06349655123681,63.1570158316454,104.40845628145908,68.06349655123681,68.06349655123681,15.611680327930424,15.611680327930424,15.611680327930424,12.279800190557255,12.279800190557255,12.279800190557255,1.8710102398867903,1.8710102398867903,1.8710102398867903,1.4608698974863787,1.4608698974863787,1.4608698974863787,0.0,0.0,0.0,83.67517687916724
2025-01-03 11:00:00,68.06325025264891,65.50683196715464,105.96935200408149,68.06325025264891,68.06325025264891,17.25160106336493,17.25160106336493,17.25160106336493,14.11147239275361,14.11147239275361,14.11147239275361,1.6694919609655603,1.6694919609655603,1.6694919609655603,1.4706367096457602,1.4706367096457602,1.4706367096457602,0.0,0.0,0.0,85.31485131601384
2025-01-03 12:00:00,68.06300395406103,66.79635547865617,105.74187725463987,68.06300395406103,68.06300395406103,18.040590284091262,18.040590284091262,18.040590284091262,15.104075560343476,15.104075560343476,15.104075560343476,1.4561091856143442,1.4561091856143442,1.4561091856143442,1.480405538133444,1.480405538133444,1.480405538133444,0.0,0.0,0.0,86.1035942381523
2025-01-03 13:00:00,68.06275765547313,67.01130642615776,104.71534568440138,68.06275765547313,68.06275765547313,17.26765436298267,17.26765436298267,17.26765436298267,14.54619899584905,14.54619899584905,14.54619899584905,1.2312788986855876,1.2312788986855876,1.2312788986855876,1.4901764684480319,1.4901764684480319,1.4901764684480319,0.0,0.0,0.0,85.3304120184558
2025-01-03 14:00:00,68.06251135688525,63.57107558808032,101.95005323770003,68.06251135688525,68.06251135688525,14.874065658911439,14.874065658911439,14.874065658911439,12.378630016817391,12.378630016817391,12.378630016817391,0.9954860561976725,0.9954860561976725,0.9954860561976725,1.4999495858963763,1.4999495858963763,1.4999495858963763,0.0,0.0,0.0,82.93657701579669
2025-01-03 15:00:00,68.06226505829736,58.73995578302133,99.55198339808273,68.06226505829736,68.06226505829736,11.621205023114047,11.621205023114047,11.621205023114047,9.362196251126022,9.362196251126022,9.362196251126022,0.7492837963926158,0.7492837963926158,0.7492837963926158,1.5097249755954072,1.5097249755954072,1.5097249755954072,0.0,0.0,0.0,79.6834700814114
2025-01-03 16:00:00,68.06201875970947,59.209277458958354,96.7399390377339,68.06201875970947,68.06201875970947,8.375729590156043,8.375729590156043,8.375729590156043,6.3629336223746344,6.3629336223746344,6.3629336223746344,0.4932932453230066,0.4932932453230066,0.4932932453230066,1.5195027224584026,1.5195027224584026,1.5195027224584026,0.0,0.0,0.0,76.43774834986552
2025-01-03 17:00:00,68.06177246112158,53.08972876278665,92.31586629338827,68.06177246112158,68.06177246112158,5.283440220748014,5.283440220748014,5.283440220748014,3.525954419003095,3.525954419003095,3.525954419003095,0.2282028905463479,0.2282028905463479,0.2282028905463479,1.5292829111985722,1.5292829111985722,1.5292829111985722,0.0,0.0,0.0,73.3452126818696
2025-01-03 18:00:00,68.0615261625337,49.753548668894716,89.38264134771462,68.0615261625337,68.0615261625337,1.7568004950818492,1.7568004950818492,1.7568004950818492,0.2629673683880785,0.2629673683880785,0.2629673683880785,-0.04523249962925926,-0.04523249962925926,-0.04523249962925926,1.5390656263230298,1.5390656263230298,1.5390656263230298,0.0,0.0,0.0,69.81832665761554
2025-01-03 19:00:00,68.0612798639458,45.319125236443845,84.8100662423309,68.0612798639458,68.0612798639458,-2.6469988096226524,-2.6469988096226524,-2.6469988096226524,-3.869656330444147,-3.869656330444147,-3.869656330444147,-0.3261934313116075,-0.3261934313116075,-0.3261934313116075,1.5488509521331022,1.5488509521331022,1.5488509521331022,0.0,0.0,0.0,65.41428105432314
2025-01-03 20:00:00,68.06103356535792,40.90314994724211,81.02593180017405,68.06103356535792,68.06103356535792,-7.362874941551662,-7.362874941551662,-7.362874941551662,-8.307716184395959,-8.307716184395959,-8.307716184395959,-0.6137977298704254,-0.6137977298704254,-0.6137977298704254,1.5586389727147223,1.5586389727147223,1.5586389727147223,0.0,0.0,0.0,60.69815862380626
2025-01-03 21:00:00,68.06078726677002,36.0732462462995,77.2783295402922,68.06078726677002,68.06078726677002,-10.952390617958219,-10.952390617958219,-10.952390617958219,-11.613717303320007,-11.613717303320007,-11.613717303320007,-0.9071030865802023,-0.9071030865802023,-0.9071030865802023,1.5684297719419897,1.5684297719419897,1.5684297719419897,0.0,0.0,0.0,57.108396648811805
2025-01-03 22:00:00,68.06054096818214,37.205235271983994,75.24201304755599,68.06054096818214,68.06054096818214,-12.253672608288957,-12.253672608288957,-12.253672608288957,-12.626785928132124,-12.626785928132124,-12.626785928132124,-1.2051101136246056,-1.2051101136246056,-1.2051101136246056,1.578223433467775,1.578223433467775,1.578223433467775,0.0,0.0,0.0,55.80686835989318
2025-01-03 23:00:00,68.06029466959423,37.800626513273365,77.16450262701076,68.06029466959423,68.06029466959423,-11.495533265590076,-11.495533265590076,-11.495533265590076,-11.576787396416947,-11.576787396416947,-11.576787396416947,-1.506765909895265,-1.506765909895265,-1.506765909895265,1.5880200407221359,1.5880200407221359,1.5880200407221359,0.0,0.0,0.0,56.56476140400415
2025-01-04 00:00:00,68.06004837100635,38.63828648621475,77.9076466421422,68.06004837100635,68.06004837100635,-10.245687881485392,-10.245687881485392,-10.245687881485392,-10.032539424012612,-10.032539424012612,-10.032539424012612,-1.8109681343864634,-1.8109681343864634,-1.8109681343864634,1.5978196769136859,1.5978196769136859,1.5978196769136859,0.0,0.0,0.0,57.81436048952095
2025-01-04 01:00:00,68.05980207241845,37.60263533074038,78.88674845703684,68.05980207241845,68.05980207241845,-10.115992566043241,-10.115992566043241,-10.115992566043241,-9.607045411978744,-9.607045411978744,-9.607045411978744,-2.116569579082903,-2.116569579082903,-2.116569579082903,1.6076224250184061,1.6076224250184061,1.6076224250184061,0.0,0.0,0.0,57.94380950637521
2025-01-04 02:00:00,68.05955577383057,37.23949535822733,76.84427250622775,68.05955577383057,68.05955577383057,-11.344922943083727,-11.344922943083727,-11.344922943083727,-10.539968082986773,-10.539968082986773,-10.539968082986773,-2.4223832278780435,-2.4223832278780435,-2.4223832278780435,1.6174283677810921,1.6174283677810921,1.6174283677810921,0.0,0.0,0.0,56.71463283074684
2025-01-04 03:00:00,68.05930947524267,35.03037153965776,73.41592553693695,68.05930947524267,68.05930947524267,-12.550991346400012,-12.550991346400012,-12.550991346400012,-11.451041151770971,-11.451041151770971,-11.451041151770971,-2.7271877823419564,-2.7271877823419564,-2.7271877823419564,1.6272375877129175,1.6272375877129175,1.6272375877129175,0.0,0.0,0.0,55.50831812884266
2025-01-04 04:00:00,68.05906317665479,35.961736706764235,77.03342972043123,68.05906317665479,68.05906317665479,-11.901944835263915,-11.901944835263915,-11.901944835263915,-10.509261372837562,-10.509261372837562,-10.509261372837562,-3.02973362951082,-3.02973362951082,-3.02973362951082,1.6370501670844655,1.6370501670844655,1.6370501670844655,0.0,0.0,0.0,56.15711834139087
2025-01-04 05:00:00,68.05881687806689,40.05372103940804,78.60958722523475,68.05881687806689,68.05881687806689,-8.655975997764372,-8.655975997764372,-8.655975997764372,-6.974092963383071,-6.974092963383071,-6.974092963383071,-3.3287492223045163,-3.3287492223045163,-3.3287492223045163,1.6468661879232136,1.6468661879232136,1.6468661879232136,0.0,0.0,0.0,59.40284088030252
2025-01-04 06:00:00,68.05857057947901,45.6915642653765,83.08474279457789,68.05857057947901,68.05857057947901,-3.7209056692857576,-3.7209056692857576,-3.7209056692857576,-1.7546435641897349,-1.7546435641897349,-1.7546435641897349,-3.622947837112478,-3.622947837112478,-3.622947837112478,1.6566857320164554,1.6566857320164554,1.6566857320164554,0.0,0.0,0.0,64.33766491019325
2025-01-04 07:00:00,68.05832428089111,49.28696545508845,89.70378297720045,68.05832428089111,68.05832428089111,1.1792904477488333,1.1792904477488333,1.1792904477488333,3.4238162348987635,3.4238162348987635,3.4238162348987635,-3.9110346680481403,-3.9110346680481403,-3.9110346680481403,1.6665088808982094,1.6665088808982094,1.6665088808982094,0.0,0.0,0.0,69.23761472863994
2025-01-04 08:00:00,68.05807798230323,52.98556560834035,92.48424260345185,68.05807798230323,68.05807798230323,4.867129301098563,4.867129301098563,4.867129301098563,7.382507798603391,7.382507798603391,7.382507798603391,-4.1917142133563425,-4.1917142133563425,-4.1917142133563425,1.6763357158515146,1.6763357158515146,1.6763357158515146,0.0,0.0,0.0,72.92520728340179
2025-01-04 09:00:00,68.05783168371534,56.745876727399676,94.71753666848421,68.05783168371534,68.05783168371534,7.345170677334507,7.345170677334507,7.345170677334507,10.122702263631181,10.122702263631181,10.122702263631181,-4.463697904202491,-4.463697904202491,-4.463697904202491,1.6861663179058177,1.6861663179058177,1.6861663179058177,0.0,0.0,0.0,75.40300236104984
2025-01-04 10:00:00,68.05758538512745,57.65296652960709,97.66457725688146,68.05758538512745,68.05758538512745,9.250089036376325,9.250089036376325,9.250089036376325,12.27980019057242,12.27980019057242,12.27980019057242,-4.725711922027611,-4.725711922027611,-4.725711922027611,1.6960007678315179,1.6960007678315179,1.6960007678315179,0.0,0.0,0.0,77.30767442150378
2025-01-04 11:00:00,68.05733908653956,58.97726671183087,99.39397098325644,68.05733908653956,68.05733908653956,10.840806391129199,10.840806391129199,10.840806391129199,14.111472392759385,14.111472392759385,14.111472392759385,-4.976505147766344,-4.976505147766344,-4.976505147766344,1.7058391461361564,1.7058391461361564,1.7058391461361564,0.0,0.0,0.0,78.89814547766875
2025-01-04 12:00:00,68.05709278795167,61.488733446967615,100.32116545146675,68.05709278795167,68.05709278795167,11.604899911091925,11.604899911091925,11.604899911091925,15.104075560338755,15.104075560338755,15.104075560338755,-5.214857182312832,-5.214857182312832,-5.214857182312832,1.7156815330660045,1.7156815330660045,1.7156815330660045,0.0,0.0,0.0,79.6619926990436
2025-01-04 13:00:00,68.05684648936378,58.51630231576915,98.88039523476179,68.05684648936378,68.05684648936378,10.832140629304387,10.832140629304387,10.832140629304387,14.546198995831388,14.546198995831388,14.546198995831388,-5.439586375123581,-5.439586375123581,-5.439586375123581,1.72552800859658,1.72552800859658,1.72552800859658,0.0,0.0,0.0,78.88898711866817
2025-01-04 14:00:00,68.0566001907759,57.992701809594436,95.90538841325264,68.0566001907759,68.0566001907759,8.46445087269125,8.46445087269125,8.46445087269125,12.378630016718025,12.378630016718025,12.378630016718025,-5.649557796458289,-5.649557796458289,-5.649557796458289,1.7353786524315138,1.7353786524315138,1.7353786524315138,0.0,0.0,0.0,76.52105106346714
2025-01-04 15:00:00,68.05635389218799,52.473399748837835,92.58076396449275,68.05635389218799,68.05635389218799,5.263738708372978,5.263738708372978,5.263738708372978,9.362196251094554,9.362196251094554,9.362196251094554,-5.843691086727199,-5.843691086727199,-5.843691086727199,1.7452335440056268,1.7452335440056268,1.7452335440056268,0.0,0.0,0.0,73.32009260056097
2025-01-04 16:00:00,68.0561075936001,49.73098384317116,89.73494353903564,68.0561075936001,68.0561075936001,2.097058269047686,2.097058269047686,2.097058269047686,6.362933622298482,6.362933622298482,6.362933622298482,-6.0209681157215265,-6.0209681157215265,-6.0209681157215265,1.7550927624707304,1.7550927624707304,1.7550927624707304,0.0,0.0,0.0,70.1531658626478
2025-01-04 17:00:00,68.0558612950122,47.1987670108381,86.8295761789667,68.0558612950122,68.0558612950122,-0.8895295792343224,-0.8895295792343224,-0.8895295792343224,3.5259544191176992,3.5259544191176992,3.5259544191176992,-6.18044038505177,-6.18044038505177,-6.18044038505177,1.7649563866997482,1.7649563866997482,1.7649563866997482,0.0,0.0,0.0,67.16633171577789
2025-01-04 18:00:00,68.05561499642432,45.104519127440085,83.41239408067182,68.05561499642432,68.05561499642432,-4.283444243482304,-4.283444243482304,-4.283444243482304,0.2629673683094661,0.2629673683094661,0.2629673683094661,-6.321236107075288,-6.321236107075288,-6.321236107075288,1.7748244952835177,1.7748244952835177,1.7748244952835177,0.0,0.0,0.0,63.77217075294202
2025-01-04 19:00:00,68.05536869783643,40.56080580264123,79.45425578511856,68.05536869783643,68.05536869783643,-8.527526059107172,-8.527526059107172,-8.527526059107172,-3.8696563305372793,-3.8696563305372793,-3.8696563305372793,-6.44256689509469,-6.44256689509469,-6.44256689509469,1.7846971665247984,1.7846971665247984,1.7846971665247984,0.0,0.0,0.0,59.527842638729254
2025-01-04 20:00:00,68.05512239924855,34.99284877768809,75.56147365190691,68.05512239924855,68.05512239924855,-13.05687570775144,-13.05687570775144,-13.05687570775144,-8.307716184233964,-8.307716184233964,-8.307716184233964,-6.543734001953735,-6.543734001953735,-6.543734001953735,1.7945744784362607,1.7945744784362607,1.7945744784362607,0.0,0.0,0.0,54.99824669149711
2025-01-04 21:00:00,68.05487610066065,31.091732610158655,70.85726870152374,68.05487610066065,68.05487610066065,-16.43339484096125,-16.43339484096125,-16.43339484096125,-11.613717303231477,-11.613717303231477,-11.613717303231477,-6.6241340464688045,-6.6241340464688045,-6.6241340464688045,1.8044565087390319,1.8044565087390319,1.8044565087390319,0.0,0.0,0.0,51.6214812596994
2025-01-04 22:00:00,68.05462980207277,30.490339116547123,70.61808363911074,68.05462980207277,68.05462980207277,-17.495706763693935,-17.495706763693935,-17.495706763693935,-12.626785928110909,-12.626785928110909,-12.626785928110909,-6.6832641704404745,-6.6832641704404745,-6.6832641704404745,1.8143433348574465,1.8143433348574465,1.8143433348574465,0.0,0.0,0.0,50.558923038378836
2025-01-04 23:00:00,68.05438350348487,32.48746857600375,71.72869356728191,68.05438350348487,68.05438350348487,-16.473278936066357,-16.473278936066357,-16.473278936066357,-11.57678739648033,-11.57678739648033,-11.57678739648033,-6.7207265735009205,-6.7207265735009205,-6.7207265735009205,1.8242350339148903,1.8242350339148903,1.8242350339148903,0.0,0.0,0.0,51.581104567418514
2025-01-05 00:00:00,68.05413720489699,33.44349315447965,73.45622892421947,68.05413720489699,68.05413720489699,-14.934640118351837,-14.934640118351837,-14.934640118351837,-10.03253942405859,-10.03253942405859,-10.03253942405859,-6.736232377031818,-6.736232377031818,-6.736232377031818,1.8341316827385725,1.8341316827385725,1.8341316827385725,0.0,0.0,0.0,53.11949708654515
2025-01-05 01:00:00,68.05389090630909,34.47728483553147,72.85463260623247,68.05389090630909,68.05389090630909,-14.492616828013238,-14.492616828013238,-14.492616828013238,-9.607045411964343,-9.607045411964343,-9.607045411964343,-6.729604773893899,-6.729604773893899,-6.729604773893899,1.8440333578450032,1.8440333578450032,1.8440333578450032,0.0,0.0,0.0,53.56127407829585
2025-01-05 02:00:00,68.05364460772121,32.3945618564443,72.15387992476728,68.05364460772121,68.05364460772121,-15.386809373930586,-15.386809373930586,-15.386809373930586,-10.539968083025236,-10.539968083025236,-10.539968083025236,-6.700781426350291,-6.700781426350291,-6.700781426350291,1.8539401354449416,1.8539401354449416,1.8539401354449416,0.0,0.0,0.0,52.66683523379062
2025-01-05 03:00:00,68.05339830913331,32.114039933638615,71.70343937102982,68.05339830913331,68.05339830913331,-16.237005140951656,-16.237005140951656,-16.237005140951656,-11.4510411517615,-11.4510411517615,-11.4510411517615,-6.6498160806258335,-6.6498160806258335,-6.6498160806258335,1.863852091435678,1.863852091435678,1.863852091435678,0.0,0.0,0.0,51.81639316818166
2025-01-05 04:00:00,68.05315201054543,33.701561206749986,73.62175225034329,68.05315201054543,68.05315201054543,-15.212371444630524,-15.212371444630524,-15.212371444630524,-10.509261372926046,-10.509261372926046,-10.509261372926046,-6.576879373109629,-6.576879373109629,-6.576879373109629,1.8737693014051517,1.8737693014051517,1.8737693014051517,0.0,0.0,0.0,52.84078056591491
2025-01-05 05:00:00,68.05290571195754,35.463580607780166,75.73123312951512,68.05290571195754,68.05290571195754,-11.572659932906694,-11.572659932906694,-11.572659932906694,-6.97409296332443,-6.97409296332443,-6.97409296332443,-6.482258810201998,-6.482258810201998,-6.482258810201998,1.8836918406197332,1.8836918406197332,1.8836918406197332,0.0,0.0,0.0,56.48024577905084
2025-01-05 06:00:00,68.05265941336965,40.873117998028334,83.31262780608962,68.05265941336965,68.05265941336965,-6.2273816911613435,-6.2273816911613435,-6.2273816911613435,-1.7546435644044345,-1.7546435644044345,-1.7546435644044345,-6.366357910786308,-6.366357910786308,-6.366357910786308,1.8936197840293998,1.8936197840293998,1.8936197840293998,0.0,0.0,0.0,61.82527772220831
2025-01-05 07:00:00,68.05241311478176,45.606969817131194,85.90155259691296,68.05241311478176,68.05241311478176,-0.9023250667705133,-0.9023250667705133,-0.9023250667705133,3.4238162347159906,3.4238162347159906,3.4238162347159906,-6.229694507745562,-6.229694507745562,-6.229694507745562,1.9035532062590586,1.9035532062590586,1.9035532062590586,0.0,0.0,0.0,67.15008804801124
2025-01-05 08:00:00,68.05216681619386,52.39887882851092,90.17069364609766,68.05216681619386,68.05216681619386,3.2231017676672393,3.2231017676672393,3.2231017676672393,7.382507798666666,7.382507798666666,7.382507798666666,-6.072898212606661,-6.072898212606661,-6.072898212606661,1.9134921816072337,1.9134921816072337,1.9134921816072337,0.0,0.0,0.0,71.2752685838611
2025-01-05 09:00:00,68.05192051760596,53.906725688760886,92.53238584662115,68.05192051760596,68.05192051760596,6.149431993291074,6.149431993291074,6.149431993291074,10.122702263663806,10.122702263663806,10.122702263663806,-5.896707054419831,-5.896707054419831,-5.896707054419831,1.9234367840470963,1.9234367840470963,1.9234367840470963,0.0,0.0,0.0,74.20135251089704
2025-01-05 10:00:00,68.05167421901808,56.242950400373964,96.74109937324491,68.05167421901808,68.05167421901808,8.511223965505113,8.511223965505113,8.511223965505113,12.279800190493289,12.279800190493289,12.279800190493289,-5.70196331220469,-5.70196331220469,-5.70196331220469,1.933387087216512,1.933387087216512,1.933387087216512,0.0,0.0,0.0,76.56289818452319
2025-01-05 11:00:00,68.05142792043019,58.61035701154982,97.91064757280425,68.05142792043019,68.05142792043019,10.565206990264553,10.565206990264553,10.565206990264553,14.111472392765162,14.111472392765162,14.111472392765162,-5.489608566922855,-5.489608566922855,-5.489608566922855,1.9433431644222476,1.9433431644222476,1.9433431644222476,0.0,0.0,0.0,78.61663491069474
2025-01-05 12:00:00,68.0511816218423,61.04047301478541,100.62474641940985,68.0511816218423,68.0511816218423,11.796702642397554,11.796702642397554,11.796702642397554,15.10407556037289,15.10407556037289,15.10407556037289,-5.260678006606869,-5.260678006606869,-5.260678006606869,1.9533050886315333,1.9533050886315333,1.9533050886315333,0.0,0.0,0.0,79.84788426423985
2025-01-05 13:00:00,68.05093532325441,60.49167535941019,98.31834197606734,68.05093532325441,68.05093532325441,11.493177903008066,11.493177903008066,11.493177903008066,14.546198995813725,14.546198995813725,14.546198995813725,-5.016294025277959,-5.016294025277959,-5.016294025277959,1.9632729324722977,1.9632729324722977,1.9632729324722977,0.0,0.0,0.0,79.54411322626247
2025-01-05 14:00:00,68.05068902466653,57.77010311959422,97.70839336363332,68.05068902466653,68.05068902466653,9.594217622560883,9.594217622560883,9.594217622560883,12.378630016690698,12.378630016690698,12.378630016690698,-4.757659162357291,-4.757659162357291,-4.757659162357291,1.973246768227478,1.973246768227478,1.973246768227478,0.0,0.0,0.0,77.6449066472274
2025-01-05 15:00:00,68.05044272607863,54.444568083876455,93.22793520992705,68.05044272607863,68.05044272607863,6.859374483019991,6.859374483019991,6.859374483019991,9.362196251063077,9.362196251063077,9.362196251063077,-4.486048435883474,-4.486048435883474,-4.486048435883474,1.9832266678403856,1.9832266678403856,1.9832266678403856,0.0,0.0,0.0,74.90981720909862
2025-01-05 16:00:00,68.05019642749075,52.81801533872153,93.35534236468213,68.05019642749075,68.05019642749075,4.153345196397502,4.153345196397502,4.153345196397502,6.362933622261187,6.362933622261187,6.362933622261187,-4.202801128763437,-4.202801128763437,-4.202801128763437,1.9932127028997506,1.9932127028997506,1.9932127028997506,0.0,0.0,0.0,72.20354162388824
2025-01-05 17:00:00,68.04995012890285,51.12416026159912,89.02769401726626,68.04995012890285,68.04995012890285,1.6198472720684185,1.6198472720684185,1.6198472720684185,3.52595441908725,3.52595441908725,3.52595441908725,-3.9093120916634674,-3.9093120916634674,-3.9093120916634674,2.0032049446446365,2.0032049446446365,2.0032049446446365,0.0,0.0,0.0,69.66979740097126
2025-01-05 18:00:00,68.04970383031497,47.73718319067025,86.13438986244213,68.04970383031497,68.04970383031497,-1.330851799214807,-1.330851799214807,-1.330851799214807,0.2629673682308542,0.2629673682308542,0.2629673682308542,-3.607022631407824,-3.607022631407824,-3.607022631407824,2.0132034639621628,2.0132034639621628,2.0132034639621628,0.0,0.0,0.0,66.71885203110016
2025-01-05 19:00:00,68.04945753172707,41.69117246044059,82.29639240471822,68.04945753172707,68.04945753172707,-5.1438590569887195,-5.1438590569887195,-5.1438590569887195,-3.8696563305519933,-3.8696563305519933,-3.8696563305519933,-3.297411057817419,-3.297411057817419,-3.297411057817419,2.023208331380694,2.023208331380694,2.023208331380694,0.0,0.0,0.0,62.905598474738355
2025-01-05 20:00:00,68.04921123313919,39.178104481587006,79.28653326302933,68.04921123313919,68.04921123313919,-9.25647953146133,-9.25647953146133,-9.25647953146133,-8.307716184311593,-8.307716184311593,-8.307716184311593,-2.9819829642187976,-2.9819829642187976,-2.9819829642187976,2.0332196170690584,2.0332196170690584,2.0332196170690584,0.0,0.0,0.0,58.79273170167786
2025-01-05 21:00:00,68.0489649345513,35.15976847986748,76.13129066091683,68.0489649345513,68.0489649345513,-12.232741232808968,-12.232741232808968,-12.232741232808968,-11.613717303262728,-11.613717303262728,-11.613717303262728,-2.662261320382197,-2.662261320382197,-2.662261320382197,2.043237390835956,2.043237390835956,2.043237390835956,0.0,0.0,0.0,55.816223701742324
2025-01-05 22:00:00,68.04871863596341,34.74637323277284,76.09933739186239,68.04871863596341,68.04871863596341,-12.91330066417769,-12.91330066417769,-12.91330066417769,-12.62678592808969,-12.62678592808969,-12.62678592808969,-2.339776458211712,-2.339776458211712,-2.339776458211712,2.0532617221237137,2.0532617221237137,2.0532617221237137,0.0,0.0,0.0,55.13541797178572
2025-01-05 23:00:00,68.04847233737551,38.203810964704054,77.36350742000307,68.04847233737551,68.04847233737551,-11.529550747309258,-11.529550747309258,-11.529550747309258,-11.576787396434154,-11.576787396434154,-11.576787396434154,-2.0160560308808826,-2.0160560308808826,-2.0160560308808826,2.063292680005777,2.063292680005777,2.063292680005777,0.0,0.0,0.0,56.518921590066256
2025-01-06 00:00:00,68.04822603878763,38.90710807034527,76.22337227041797,68.04822603878763,68.04822603878763,-9.65182411793681,-9.65182411793681,-9.65182411793681,-10.03253942406846,-10.03253942406846,-10.03253942406846,-1.6926150270592408,-1.6926150270592408,-1.6926150270592408,2.0733303331908925,2.0733303331908925,2.0733303331908925,0.0,0.0,0.0,58.39640192085082
2025-01-06 01:00:00,68.04797974019972,38.757492437159065,78.97931563000391,68.04797974019972,68.04797974019972,-8.89461658332419,-8.89461658332419,-8.89461658332419,-9.607045411976248,-9.607045411976248,-9.607045411976248,-1.3709459213577402,-1.3709459213577402,-1.3709459213577402,2.083374750009797,2.083374750009797,2.083374750009797,0.0,0.0,0.0,59.15336315687553
2025-01-06 02:00:00,68.04773344161184,38.75234141295411,77.93703156560262,68.04773344161184,68.04773344161184,-9.4990511245509,-9.4990511245509,-9.4990511245509,-10.539968082976449,-10.539968082976449,-10.539968082976449,-1.0525090399937636,-1.0525090399937636,-1.0525090399937636,2.093425998419312,2.093425998419312,2.093425998419312,0.0,0.0,0.0,58.54868231706094
2025-01-06 03:00:00,68.04748714302394,36.93113708378243,78.06029006448331,68.04748714302394,68.04748714302394,-10.086280225121895,-10.086280225121895,-10.086280225121895,-11.451041151785072,-11.451041151785072,-11.451041151785072,-0.738723219336471,-0.738723219336471,-0.738723219336471,2.103484145999648,2.103484145999648,2.103484145999648,0.0,0.0,0.0,57.96120691790205
2025-01-06 04:00:00,68.04724084443606,40.755946882917506,78.27217271805627,68.04724084443606,68.04724084443606,-8.82666894522983,-8.82666894522983,-8.82666894522983,-10.509261372898665,-10.509261372898665,-10.509261372898665,-0.43095683228059123,-0.43095683228059123,-0.43095683228059123,2.1135492599494254,2.1135492599494254,2.1135492599494254,0.0,0.0,0.0,59.220571899206234
2025-01-06 05:00:00,68.04699454584816,43.73007806496439,83.71942835603954,68.04699454584816,68.04699454584816,-4.980990809368395,-4.980990809368395,-4.980990809368395,-6.974092963506278,-6.974092963506278,-6.974092963506278,-0.1305192529463782,-0.1305192529463782,-0.1305192529463782,2.1236214070842627,2.1236214070842627,2.1236214070842627,0.0,0.0,0.0,63.06600373647977
2025-01-06 06:00:00,68.04674824726028,48.87028899212624,88.8189771659027,68.04674824726028,68.04674824726028,0.540404262825857,0.540404262825857,0.540404262825857,-1.7546435642964155,-1.7546435642964155,-1.7546435642964155,0.1613471732869977,0.1613471732869977,0.1613471732869977,2.133700653835275,2.133700653835275,2.133700653835275,0.0,0.0,0.0,68.58715251008614
2025-01-06 07:00:00,68.04650194867239,54.395104058867524,94.23070825859676,68.04650194867239,68.04650194867239,6.011077892689696,6.011077892689696,6.011077892689696,3.4238162347338017,3.4238162347338017,3.4238162347338017,0.4434745917109423,0.4434745917109423,0.4434745917109423,2.1437870662449523,2.1437870662449523,2.1437870662449523,0.0,0.0,0.0,74.05757984136208
2025-01-06 08:00:00,68.0462556500845,57.09383989735204,99.23527446454655,68.0462556500845,68.0462556500845,10.251164985166664,10.251164985166664,10.251164985166664,7.382507798538908,7.382507798538908,7.382507798538908,0.7147764766649346,0.7147764766649346,0.7147764766649346,2.1538807099628205,2.1538807099628205,2.1538807099628205,0.0,0.0,0.0,78.29742063525117
2025-01-06 09:00:00,68.04600935149661,61.61940494704718,99.10456116357336,68.04600935149661,68.04600935149661,13.260937708751262,13.260937708751262,13.260937708751262,10.122702263571997,10.122702263571997,10.122702263571997,0.9742537949273476,0.9742537949273476,0.9742537949273476,2.1639816502519187,2.1639816502519187,2.1639816502519187,0.0,0.0,0.0,81.30694706024786
2025-01-06 10:00:00,68.04576305290873,64.50227275225217,103.50026108410256,68.04576305290873,68.04576305290873,15.674890592253384,15.674890592253384,15.674890592253384,12.279800190508453,12.279800190508453,12.279800190508453,1.2210004497714315,1.2210004497714315,1.2210004497714315,2.1740899519735004,2.1740899519735004,2.1740899519735004,0.0,0.0,0.0,83.72065364516212
2025-01-06 11:00:00,68.04551675432083,64.42250176007542,105.53450068231648,68.04551675432083,68.04551675432083,17.749886040856712,17.749886040856712,17.749886040856712,14.111472392704622,14.111472392704622,14.111472392704622,1.4542079685591456,1.4542079685591456,1.4542079685591456,2.184205679592944,2.184205679592944,2.184205679592944,0.0,0.0,0.0,85.79540279517754
2025-01-06 12:00:00,68.04527045573295,66.44383210400711,107.03251197989836,68.04527045573295,68.04527045573295,18.971573860653628,18.971573860653628,18.971573860653628,15.104075560360984,15.104075560360984,15.104075560360984,1.6731694031157665,1.6731694031157665,1.6731694031157665,2.194328897176879,2.194328897176879,2.194328897176879,0.0,0.0,0.0,87.01684431638657
2025-01-06 13:00:00,68.04502415714505,67.9540947499858,108.57317495190718,68.04502382162886,68.04502415714505,18.62794108377978,18.62794108377978,18.62794108377978,14.546198995869847,14.546198995869847,14.546198995869847,1.8772824195226638,1.8772824195226638,1.8772824195226638,2.204459668387266,2.204459668387266,2.204459668387266,0.0,0.0,0.0,86.67296524092484
2025-01-06 14:00:00,68.04477785855717,62.735651944497945,103.66782252163101,68.04477091092134,68.04477785855717,16.65927963518976,16.65927963518976,16.65927963518976,12.37863001666337,12.37863001666337,12.37863001666337,2.0660515620454767,2.0660515620454767,2.0660515620454767,2.2145980564809116,2.2145980564809116,2.2145980564809116,0.0,0.0,0.0,84.70405749374693
2025-01-06 15:00:00,68.04453155996927,61.417898783619684,101.19478047049606,68.04452381880444,68.04453155996927,13.826030058152723,13.826030058152723,13.826030058152723,9.362196251184917,9.362196251184917,9.362196251184917,2.239089682657562,2.239089682657562,2.239089682657562,2.224744124310246,2.224744124310246,2.224744124310246,0.0,0.0,0.0,81.870561618122
2025-01-06 16:00:00,68.04428526138139,57.90161124984416,97.57971312170737,68.04427672668751,68.04428526138139,10.993950092488626,10.993950092488626,10.993950092488626,6.362933622373318,6.362933622373318,6.362933622373318,2.3961185358010413,2.3961185358010413,2.3961185358010413,2.2348979343142674,2.2348979343142674,2.2348979343142674,0.0,0.0,0.0,79.03823535387002
2025-01-06 17:00:00,68.04403896279348,56.335237038467504,96.02286190722091,68.04402963457059,68.04403896279348,8.307982512493794,8.307982512493794,8.307982512493794,3.525954419033338,3.525954419033338,3.525954419033338,2.536968544939442,2.536968544939442,2.536968544939442,2.2450595485210134,2.2450595485210134,2.2450595485210134,0.0,0.0,0.0,76.35202147528727
2025-01-06 18:00:00,68.0437926642056,52.956598420499674,91.73323370055336,68.04378254245368,68.0437926642056,5.179774152291457,5.179774152291457,5.179774152291457,0.26296736822428174,0.26296736822428174,0.26296736822428174,2.661577755521072,2.661577755521072,2.661577755521072,2.255229028546103,2.255229028546103,2.255229028546103,0.0,0.0,0.0,73.22356681649705
2025-01-06 19:00:00,68.0435463656177,49.15361327476449,89.08431229329432,68.04353545033678,68.0435463656177,1.1657401003687389,1.1657401003687389,1.1657401003687389,-3.869656330376607,-3.869656330376607,-3.869656330376607,2.769989995159707,2.769989995159707,2.769989995159707,2.2654064355856396,2.2654064355856396,2.2654064355856396,0.0,0.0,0.0,69.20928646598644
2025-01-06 20:00:00,68.04330006702982,45.59749468661801,84.16060878494243,68.04328490041101,68.04330006702982,-3.1697720844895634,-3.1697720844895634,-3.1697720844895634,-8.307716184389223,-8.307716184389223,-8.307716184389223,2.862352269479489,2.862352269479489,2.862352269479489,2.275591830420169,2.275591830420169,2.275591830420169,0.0,0.0,0.0,64.87352798254025
2025-01-06 21:00:00,68.04305376844192,40.93906222832141,80.48755939928262,68.04299314299061,68.04305376844192,-6.389020601914096,-6.389020601914096,-6.389020601914096,-11.613717303293976,-11.613717303293976,-11.613717303293976,2.9389114279735984,2.9389114279735984,2.9389114279735984,2.2857852734062805,2.2857852734062805,2.2857852734062805,0.0,0.0,0.0,61.654033166527825
2025-01-06 22:00:00,68.04280746985404,40.83034101020103,79.7508653835691,68.04273875135193,68.04280746985404,-7.330788963309571,-7.330788963309571,-7.330788963309571,-12.626785928068474,-12.626785928068474,-12.626785928068474,3.000010140280982,3.000010140280982,3.000010140280982,2.295986824477919,2.295986824477919,2.295986824477919,0.0,0.0,0.0,60.71201850654447
2025-01-06 23:00:00,68.04256117126614,41.33166576917764,81.09127819436677,68.04248607480892,68.04256117126614,-6.224508624210578,-6.224508624210578,-6.224508624210578,-11.576787396466393,-11.576787396466393,-11.576787396466393,3.0460822291132823,3.0460822291132823,3.0460822291132823,2.3061965431425353,2.3061965431425353,2.3061965431425353,0.0,0.0,0.0,61.818052547055565
2025-01-07 00:00:00,68.04231487267826,43.85243796101656,84.19652187030243,68.04223115755447,68.04231487267826,-4.638477524904172,-4.638477524904172,-4.638477524904172,-10.032539424039468,-10.032539424039468,-10.032539424039468,3.0776474106504326,3.0776474106504326,3.0776474106504326,2.3164144884848645,2.3164144884848645,2.3164144884848645,0.0,0.0,0.0,63.403837347774086
